n_edges,hit_ratio,avg_latency,p95_latency,origin_load
1,0.579255,47.86705,100,84149.0
2,0.578245,47.95795,100,84351.0
4,0.57822,47.9602,100,84356.0
8,0.57781,47.9971,100,84438.0
